Id,class_0,class_1
00eed32682bb,0.9817751,0.018224875
010ebe33f668,0.9817751,0.018224875
02fa521e1838,0.9817751,0.018224875
040e15f562a2,0.9817751,0.018224875
046e85c7cc7f,0.9817751,0.018224875
