Id,class_0,class_1
00eed32682bb,0.8924816,0.10751836
010ebe33f668,0.8924816,0.10751836
02fa521e1838,0.8924816,0.10751836
040e15f562a2,0.8924816,0.10751836
046e85c7cc7f,0.8924816,0.10751836
