Id,class_0,class_1
00eed32682bb,0.77132475,0.22867526
010ebe33f668,0.77132475,0.22867526
02fa521e1838,0.77132475,0.22867526
040e15f562a2,0.77132475,0.22867526
046e85c7cc7f,0.77132475,0.22867526
