Id,class_0,class_1
00eed32682bb,0.9116732,0.08832678
010ebe33f668,0.9116732,0.08832678
02fa521e1838,0.9116732,0.08832678
040e15f562a2,0.9116732,0.08832678
046e85c7cc7f,0.9116732,0.08832678
