Id,class_0,class_1
00eed32682bb,0.89203185,0.10796813
010ebe33f668,0.89203185,0.10796813
02fa521e1838,0.89203185,0.10796813
040e15f562a2,0.89203185,0.10796813
046e85c7cc7f,0.89203185,0.10796813
