Id,class_0,class_1
00eed32682bb,0.5013269768230422,0.49867302317695783
010ebe33f668,0.5013269768230422,0.49867302317695783
02fa521e1838,0.5013269768230422,0.49867302317695783
040e15f562a2,0.5013269768230422,0.49867302317695783
046e85c7cc7f,0.5013269768230422,0.49867302317695783
